LuK Kit d'embrayage 190mm 24 dents 619 0286 00 - Pièces Auto Mister Auto,"147,00",EUR/pièce,"

							3 disponible(s)
",,https://www.ebay.fr/itm/LuK-Kit-dembrayage-190mm-24-dents-619-0286-00-Pieces-Auto-Mister-Auto/223249897710?_trkparms=ispr%3D1&hash=item33fabb18ee:g:5awAAOSw3f9dkkpQ&amdata=enc%3AAQAFAAACcBaobrjLl8XobRIiIML1V4Imu%252Fn%252BzU5L90Z278x5ickkgCVySCgrNFPU8Iu85TabMHhU1hpGIH9VtCaV88XAel5eAWqnQkH3Qo7drUKMMo2xXpG%252BnV69gPQ8iZJHVDftoBqN5JTOy94rpSjgnVVAxRiaJv%252FbNufecyO3jS2bM2bm4cNOe6Sb9zLWTv29MgrBPEtrX%252Bs%252BCeezHAHYRHXWn2gfTG1rj9oX%252B8wZK%252B9oAk%252BjrzO9xHOvX3jliEndVXLAWErp9H411qqvbyBrJAOY8hgRPFL%252BEcN31oOhiWof6o%252FwFz3Z%252F1ZiSXjWKjgPJpIcIku%252BZ84e6dXdlXLQbrOq1tl5KmFeaWIuYEnJkbyT1cHFTtOJ78u0Dk0Yx2JgS5hikr1v4MEpFh2v66gORGknf5dVt%252BJfSbO4zu%252BonKprYHtCB06SKrsKXbycLHfYLBx7mA5uP2N3pizxO0GxoXpfDOFRZAv5jnFeqba%252B3dBMiEvKPV8Kvjl4Hg2J8ODxOrbsD%252FvxqVVg2H0XIPo4swo8F77mbjgvWKFwl0Yi58ZwAQJyV7kvWchxMN7UZ4LAEUjBse%252BnDdh5D%252BCjtd%252BR%252BEuUUH5orAHDEJqjjP46fuCfUPdI5x1oM4rfY1uESzQ26AA7ZwYWrFGuYenQlyaefdMxWs9%252FOfv5WBben8c2ueOTtm5gy1ghpODhA0pDvRhJ0Uiu79SyS39ZH3v%252Bpe8EnL7FpaM%252FBxk3BLfS1nW7phRz8ih%252BRmvNezCAheqQOjAsLkm5%252FKX3FeqJ3l%252BgCeHqGKDTrms3wI8V7qNUxxorVf7mJWyLJdw9cY3c0VQKa%252Fy0MuDzPA%253D%253D%7Ccksum%3A223249897710c115d0b5f5e0428b8e4c6a6ffed5bd7e%7Campid%3APL_CLK%7Cclp%3A2334524
SACHS Volant moteur 2294 001 998 - Pièces Auto Mister Auto,"470,00",EUR/pièce,"4 ou plus pour 446,50 EUR/pièce ",,https://www.ebay.fr/itm/SACHS-Volant-moteur-2294-001-998-Pieces-Auto-Mister-Auto/223284408977?_trkparms=ispr%3D1&hash=item33fcc9b291:g:zpYAAOSww2he4vG5&amdata=enc%3AAQAFAAACcBaobrjLl8XobRIiIML1V4Imu%252Fn%252BzU5L90Z278x5ickkgCVySCgrNFPU8Iu85TabMOkCRiR9mW%252B6YDmgQ000qL14Q1HK8Jb7NdQNSKx82MWBQbfLL8iw2YUL7IQqinJGY2Of%252FcB%252B1X%252Bdq6pYEYsyi1Rrp2YBTZdh45nBuXmewxhXkG4GT1eu0XDGQN2dayzRNHRcHnKXeEdwxWejDQgAmyL3LMUpU1jt%252FgzfHf7raSoCvUGM0Jf1dxd6V53QlJ3PiugT6BHIgczoBNSDH05ZerJXW7wWPm5zbNpLzqlxfOGTVPH5L7AkO30ozxiXnAVXCX9lFmR6AkzjjVAJBnLcOHn%252BslPfM5l6bfrpf09DTv%252BOF4U8jUJ1k9mlZh88DVFby%252Fq9JzOYMi2WGsqaDO9MAJcT28HEmWep8zQQ%252FbUlcIrd1%252BiwQp%252BezIFN%252Bl7brH%252BIgZCDYUSNemNZw24xmXsEm6GHCn75DOho%252FAqMBj7QLBGsdrT8AWCMLUUAIUFTzyHEAxfy23fwmQKziH%252FZUnUzYojagtUal3k1CMRLxtpF%252FNh%252FKZNnY6%252Bm3Khy5l75tNYXQjgUjG0TgGDWgsCHzQrEMb9Mm6pjpuSZlAYjqdaCnNLw%252BtxjRGnBwr5iWpcfK%252FZaI3tN3pzLv7rTrw%252FCR4fNDjx6Yr3KAbO7ZT8xNtZN8lL1Ltkm6x0URIy%252BKVuA2cvkKq%252BKF8ZbXsogjfYCnPgBuTEz%252FfwHga%252FJ331KUCVndwWVv4vb7UIL40dzuskGSs6kBs6YfDdk3Xs9bKTMMyJDlZrbZ1vPyIZCSubh%252F1awTdKZp3QcscDxkr8Yr7cbtkbgeg%253D%253D%7Ccksum%3A223284408977c115d0b5f5e0428b8e4c6a6ffed5bd7e%7Campid%3APL_CLK%7Cclp%3A2334524
LuK Volant moteur 415 0514 10 - Pièces Auto Mister Auto,"577,00",EUR/pièce,"

							3 disponible(s)
",,https://www.ebay.fr/itm/LuK-Volant-moteur-415-0514-10-Pieces-Auto-Mister-Auto/222952760217?_trkparms=ispr%3D1&hash=item33e9052399:g:wpUAAOSwQjldiPqd&amdata=enc%3AAQAFAAACcBaobrjLl8XobRIiIML1V4Imu%252Fn%252BzU5L90Z278x5ickkgCVySCgrNFPU8Iu85TabMKHga4y8SvxRj7at22CMM9VuC53c11py%252Be9zYuWZu3nwfE9M615c5YnaPZfaBYtK4mFlj5VLMXY3LGGFkyLk%252BXFE%252F8N9G2QZeLTpiEd8Y0eFv9PSBpF0D%252BRySBpunyycgfXAk7a0EHXzlMZaqap5wttI%252BVsRZ8m8%252Bok45GXuAhvTXspfJfKZUapvkyGuW5SRhfV%252BkSdy5l1M26P3MlFmxJOOAEGtHousJYkzevHv6ZNFr65qPGJcn0GoLGlyvRYOO0A9h1eo4AQZcWuwnlttiV75SFgDhRM4yPH1wjBomqk%252B26eRHUlweafINwXvJqCJt90%252FvTSCecfEzjnPf4kz3yNjA%252Fhb00ign4PxRMkVfBVX16jWUo7QKcD8ksCkA%252FsF%252FKlRFPQgxe7z%252BZwa%252FJvQiQwGfCeL%252BwCfN3ywg8HjHb5UrHcshwef0FuByZfFoGiB0GoV%252FDEaP3%252FH6%252Ff8qV87GJxb%252FuQ%252BhYbmd46dxUVOULpcXJJn%252FzsYxejB0Fbvb2pVqznL0QrNG%252FX8ZrwYrqX9hIPWBT88SC7ZExA8wjitOEJWr78Q25ZywYb3ryUZoS76EqFkOlPwjaW8PopS15X3OEhnMsPvSYgGqEZvXmtIZrz6ZUYMRidmdBcWZD6%252FH6h9PGeu1eiygsrvoEVpAG9%252Fdw5j6H5zADZFhwDCRBGStAzQtx95e1y8zydelWFII2Uf4W7wAwMzJyVHO43%252B2EVzLW8hvwyjNaEPLxLfgE1h4hY2ExkgPq0AUgYRcXbjPl3M7A%253D%253D%7Ccksum%3A222952760217c115d0b5f5e0428b8e4c6a6ffed5bd7e%7Campid%3APL_CLK%7Cclp%3A2334524
LuK Volant moteur pour FORD KUGA 415 0610 10 - Pièces Auto Mister Auto,"278,00",EUR/pièce,"

							3 disponible(s)
",,https://www.ebay.fr/itm/LuK-Volant-moteur-pour-FORD-KUGA-415-0610-10-Pieces-Auto-Mister-Auto/401335449248?_trkparms=ispr%3D1&hash=item5d7174f6a0:g:0DwAAOSw6dtdnLrk&amdata=enc%3AAQAFAAACcBaobrjLl8XobRIiIML1V4Imu%252Fn%252BzU5L90Z278x5ickkTboA95HSvGa1O5UmCCGJLp%252Fb2%252Fqj8WoLiiz4gU1KgpDxuLOkwATxHgIQLBcIesfQxklk1eeRtbR2%252BsJZeW9l6OoON8r%252BoVyoWxzCGBhcmZVrS1KU5igw%252Fh0OG4Ef017X%252FzLzZkMSd6MUNwCKZG%252B17xICEjmT%252FrBiOM%252BFt5XXp7fnxd%252FoTqfK6kDDBT%252B1Yc3URG2RB1GhDEkF72V6g6sjxJFdyuse1AI8THPxm54bHOvNRQIwfdD5n8LLdmeogvwPOeAcv1KxDz6uUvsOepbDkoaXHIKAbgi8vJdGx1gJ%252Fk6IgmlhgmCvUDP4u%252BVNG9hPGx90e7SQ2VjxM6OGnW86VQWiCSamHY7Fh9s7O5SpXRY%252Bo%252FwS3IEnfdHohJ7je0%252FZDf8srOAG%252BwYj0LIyDV%252FpWvgTa44pQ6O8BS5DjlNbIfQf3vqN8xfcxdEnsqgU8sQeDo8YbWRDv4OCmL8w56nuzsHeH7q4yQ9IX3BxVXBeNqodLMfwRrIuWjrVO00VkgfuAyX4GIAxCbCpDqfAEr6%252F6vqrlsiHKVuFGT4vmqSmO9o%252FPadrn0FQmFVg8lAnTTFaQu3%252Bnni5guGTB3LpWrBwNAOqaNrwQW8pR2xZqDdxtVsF5nUf157hGVqHkajzHTqw4IQGQNPXD3qFT%252BzBp0UFRX9zs3OoDdKmqnABF0R5e3jk7wKL3c5KrGIdTnY9Q25FG8RcrHHbPjsQ3Nh6ufG09kLK%252BRzmm8hYPGBmaZC2X4Bk%252F3EMOzFTiMiY5j1BLwSTAWkoi3BUFxRt5NfD7%252F7loQ%253D%253D%7Ccksum%3A401335449248c115d0b5f5e0428b8e4c6a6ffed5bd7e%7Campid%3APL_CLK%7Cclp%3A2334524
SKF Kit de distribution pour LEXUS IS VKMA 91715 - Pièces Auto Mister Auto,"111,00",EUR/pièce,"4 ou plus pour 105,45 EUR/pièce ",,https://www.ebay.fr/itm/SKF-Kit-de-distribution-pour-LEXUS-IS-VKMA-91715-Pieces-Auto-Mister-Auto/233046782534?hash=item3642abb246:g:4bgAAOSwKx9dmj3A
SACHS Volant moteur pour MINI 6366 000 003 - Pièces Auto Mister Auto,"497,00",EUR/pièce,"4 ou plus pour 472,15 EUR/pièce ",,https://www.ebay.fr/itm/SACHS-Volant-moteur-pour-MINI-6366-000-003-Pieces-Auto-Mister-Auto/222054842971?_trkparms=ispr%3D1&hash=item33b380025b:g:hbgAAOSwFiNdkYba&amdata=enc%3AAQAFAAACcBaobrjLl8XobRIiIML1V4Imu%252Fn%252BzU5L90Z278x5ickkgCVySCgrNFPU8Iu85TabMEIPAOJrv9oC%252FaUCpYNS9DBgo1CgBZ1VEYLmGv89m7d3nPfp19ov8FvBD0VVOnOPFgzzOJ5JrJD1h83SuNyNBzEl%252Bc1Ng8IYpSWMEJBLzLHcpGL5FGvHEq%252BYvA8%252FaSi7r9l2xulbtB2pq6XC1cL4%252BhFZsmN%252BGQnZD%252F%252FLbx4X1KE68RLDMBrDcW4QsGFVuAkLa7Gd3cqBKuJsOhDpqQl3ZWshBYPaCld3t1BC9bov1tN54RIn5VNqt2HIUOIHM9816UkLaPMu4Oty3g4bsJTLPFEIJLW6NgpIw2dDbbpLAttMt45I6aGCEt8mL9vBYtq0%252Fm6MFnNGTccr6tLtHYJlzTySCL4a0ymK0ZjYobFXoLzTOOOdw5pF9n9mW3faQC5rYvl4CySGpd4WcECH7TblnBSybNG%252F3Yrdf%252BG%252Bzjn1Q0aq%252Bj2AQmNWE7cxDSvSPPz%252BxZd0KttgChxOSUdx7ABmFqYCw3xybAw842N5RVi3LgZMNE2WhnC7oIAZb2ZwGkGl4YdKQbrF7jPPgT5aX%252FXEPzuwShORM53x9It6Nbo0g6Ms5vnND8FYWqHnL7Rifz0iCFpSBRpcIFRrDKKawPuicMTC8TaKlXDwCE2A2HcyPXOXtNLdhmjtCzf8W0lLY5m17gmlK68eS2LvxuLVi9y26XTAbkhSYXDdxCEVqx%252Fl%252BLAfd%252BrkpXEZt01fI0c%252Fv6omqjvzimzSPJxMpitXut%252F5DceDEttk9zrYTQlMtIk366wIaaDOHlD20cZ3iWNN1d2Rtg%253D%253D%7Ccksum%3A222054842971c115d0b5f5e0428b8e4c6a6ffed5bd7e%7Campid%3APL_CLK%7Cclp%3A2334524
"LOT REVENDEUR PIECES AUTO // 82 X rotules vehicules  80/90 // Job lot , Vekaufe","250,00",EUR,,,https://www.ebay.fr/itm/LOT-REVENDEUR-PIECES-AUTO-82-X-rotules-vehicules-80-90-Job-lot-Vekaufer/133591436286?hash=item1f1aab8bfe:g:LjEAAOSwO~lfw2aU
Pièces Auto,"500,00",EUR,,,https://www.ebay.fr/itm/Pieces-Auto/362960454377?hash=item54822102e9:g:G9QAAOSwLydegmPa
Pieces auto citroen aile ami6 avant gauche neuve apprêté ancien stock,"65,00",EUR,,,https://www.ebay.fr/itm/Pieces-auto-citroen-aile-ami6-avant-gauche-neuve-apprete-ancien-stock/313289202879?hash=item48f17ddcbf:g:qREAAOSwvddfpSo9
BOSCH Pompe à carburant Electrique 0 580 254 044 - Pièces Auto Mister Auto,"142,00",EUR/pièce,"4 ou plus pour 134,90 EUR/pièce ",,https://www.ebay.fr/itm/BOSCH-Pompe-a-carburant-Electrique-0-580-254-044-Pieces-Auto-Mister-Auto/401084989582?hash=item5d6287408e:g:kAgAAOSw0AxdnT9R
TRW Récepteur d'embrayage pour MAZDA 929 PJD137 - Pièces Auto Mister Auto,"71,00",EUR/pièce,"

							3 disponible(s)
",,https://www.ebay.fr/itm/TRW-Recepteur-dembrayage-pour-MAZDA-929-PJD137-Pieces-Auto-Mister-Auto/222413778059?hash=item33c8e4ec8b:g:830AAOSw1pBdnPX9
CORTECO Poulie damper 80005110 - Pièces Auto Mister Auto,"70,00",EUR/pièce,"4 ou plus pour 66,50 EUR/pièce ",,https://www.ebay.fr/itm/CORTECO-Poulie-damper-80005110-Pieces-Auto-Mister-Auto/401628792682?hash=item5d82f1076a:g:nlgAAOSw1PNegpRm
Piéces auto PT Cruiser CRD 2.2,"190,00",EUR,,,https://www.ebay.fr/itm/Pieces-auto-PT-Cruiser-CRD-2-2/223481850669?hash=item34088e6b2d:g:6BcAAOSwL8pcsw2M
Pieces auto occasion boite de vitesse automatique citroen c6,"450,00",EUR,,,https://www.ebay.fr/itm/Pieces-auto-occasion-boite-de-vitesse-automatique-citroen-c6/153809855600?hash=item23cfc82470:g:TZwAAOSwTkVeLXap
TRW Émetteur d'embrayage PNB673 - Pièces Auto Mister Auto,"30,00",EUR/pièce,"4 ou plus pour 28,50 EUR/pièce ",,https://www.ebay.fr/itm/TRW-Emetteur-dembrayage-PNB673-Pieces-Auto-Mister-Auto/223069542023?_trkparms=ispr%3D1&hash=item33effb1687:g:LawAAOSwghZdk1Yj&amdata=enc%3AAQAFAAACcBaobrjLl8XobRIiIML1V4Imu%252Fn%252BzU5L90Z278x5ickkgCVySCgrNFPU8Iu85TabMPXFhh%252B6csCHQsIGGazsggwWV2G2wbFUsxHRAv9vLQgkR3J92d4pnCo9JLHLFloj%252Fn71HVIhAGJ%252BSIRkqx3p9QFQ8AA7n8X9zCCCeZe6My9PncPOs3DnHg63JCPWb3U%252FfuRbF1dJi%252FtgDoOSmu94fFymOceXPanFpGQJYfB2db8GRiMGokREzSwLlCrwLK2pqMZzY38REi4y8ZYd47fWVBP9ZL4ZGCADW2E6x5oI0AiHDy9JADzacHOSqHNtXnQYb59QC2MO6aN2uIVxmANQRA%252BiOhiPST%252FE3IobE%252F%252BBuMNejNKtAGqee9gVJycH0axmNcoNFEogks%252BzyjxGfacBnQYHWhjF46MR5eTocRsPMahJlRz0QG2y%252FjpqnBdfXwMyi2jwr%252BObBgaK0p%252FO6BmeM3sFU%252BtrzsMJ2OdXVhgChd%252Bme93vAywt6kyKHz5nc4iO0stNyZBdvwOPqq%252BHfsdx9c5WkqAFqFWNYV6g7Yz8T2RlA3uRDJNGa1EkywRUnzXQYWv8MH%252BHQwFz50gQ9M7vsio3GN58HOgr1WEFwfo%252BBBQxKKPLnFngdBpwvCrJ%252B%252BQGaQRddPzOLDOrnP0YaqShDV7LqCcgurW%252FVeuJoviNZGqzJKj4xfQwWlEAFhb%252FWzvUHBHorCLu8dikbWqn96l6lT7lqYdKAxIV8gnY6cF33MFUTmUGmC9gbGdfXFg7n4m2JvP6%252BtTtKkxtxO886ns0PXuZn6TDKP7Kkye7skU2y9aQfHKMQFFiVbYbM1nUkWjzcQ%253D%253D%7Ccksum%3A223069542023c115d0b5f5e0428b8e4c6a6ffed5bd7e%7Campid%3APL_CLK%7Cclp%3A2334524
LuK Volant moteur pour BMW X3 Série 1 3 5 415 0401 10 - Pièces Auto Mister Auto,"396,00",EUR/pièce,"4 ou plus pour 376,20 EUR/pièce ",,https://www.ebay.fr/itm/LuK-Volant-moteur-pour-BMW-X3-Serie-1-3-5-415-0401-10-Pieces-Auto-Mister-Auto/232748700172?_trkparms=ispr%3D1&hash=item3630e7520c:g:N74AAOSwdYFe4pI8&amdata=enc%3AAQAFAAACcBaobrjLl8XobRIiIML1V4Imu%252Fn%252BzU5L90Z278x5ickkai8xCwosGKpC0NWj85e%252FB1Oy%252FDpZZsTleFR2oSRZQnahtal9bushgz3ik3roOYWwZa1GHOCeys9q%252FeV49bpoN0nFKOGwqU8ZMG796Oj8%252FsTNixL8jkG%252BM7zcKMu9jAq55lQ71ymsoh5QiRVH4Ym%252FwXnu5qBNCH5s9DEyCCqXPl3kzDTjgg5Mj2T6cwzjDUgN9DB1ayr9McMgA3kK4MGQwydg0kkvM16PI%252FW60ROA%252FGk2lXmoxrRhsEAOhJAKIZzJJNFVHshI0oehm%252B%252BvLjVogWFWe8fPvemUrNTSwgntgzX62EorjQPVKbj2G1s0fu6Bm4C%252BO2ovxIjiOIa1eJnRx3TlmwK2f4UEQvyrHBGt997BJP%252BDi9Julfb4c4Tr8cpQEYBZ8uuRlCRBxYYMKdxyVnM%252ByFst0Wor%252BBs06bQYmHk%252BZ%252Bgr5uxazFXPFClqfvy1whQK4N5mZxYCewfAV7hGoTVkZQjSA5LRanySvQklQSVfNw7K%252Bfrtaulc1tqU7zKFLfTD00W7b%252B23Z4hc6lgnhwuNr%252FwCVCiTlA5Q2OuffDbonzH5YKbZdkxBOYqg2s%252B%252FbxfJv4L246%252BPLTdFoi%252F7Lzse8PbpigjJrYFwdPQ0DKARPJr%252FAoZCd8EbO6NNuVcwkwFYxLd5cRAlhYfj3V9wnEF2UDPQiQLVjRGLV3fTUAYbE9yLZMYqUgEU%252FCRnOhK8Ks%252Fw93BRmtcL26mG%252FoICFBAe93QIM8Ul3Izak4zKBVj8uWvDt3mfx%252B0Xa4uR6dx4cpNz%252B6FWS7jaTYm6mqroBg%253D%253D%7Ccksum%3A232748700172c115d0b5f5e0428b8e4c6a6ffed5bd7e%7Campid%3APL_CLK%7Cclp%3A2334524
LuK Volant moteur pour HYUNDAI SANTA Fé 415 0161 10 - Pièces Auto Mister Auto,"302,00",EUR/pièce,"4 ou plus pour 286,90 EUR/pièce ",,https://www.ebay.fr/itm/LuK-Volant-moteur-pour-HYUNDAI-SANTA-Fe-415-0161-10-Pieces-Auto-Mister-Auto/231870563239?_trkparms=ispr%3D1&hash=item35fc9003a7:g:eygAAOSwzGZe6lKt&amdata=enc%3AAQAFAAACcBaobrjLl8XobRIiIML1V4Imu%252Fn%252BzU5L90Z278x5ickkai8xCwosGKpC0NWj85e%252FB%252FCabzWoVcAfoUxDtesqHWR1l5tuFFSjKvd0biBCK54sYryNuRLXdLgRbR%252Fqa%252BGtM74GEdWYjy%252B8dMjG8NemYAHmfsoZfkiK5eMwzqeH1IbZmdr8rk95L%252BkqvStlNcBdRezAi9eWOs7C44irab%252BtjaD5F1a4A0awCk1uFS9zKWJD8j6t%252BXhtAYjHieM%252FZujGj9zetK0m2SwvnHgN4vlIPzsu0yy%252FCGmDTnkOb%252BSB5SiXn%252B11TQgJeCbPdGOHsOGWEmUq2PUjIn8LAJhnScaaeuFG4SYZ9JLW5Sj%252FJrRiu%252BXrR1nbhwZ5NoHfQ5T2qapOlzdKf4fVdcFzy%252FOlnVwkTrecI0FRN778CxGoY2Bl7Bf4SCmAh3Cs1IqHao26Axy3NQwrjJSthuVWxVKMGfsCiZQ5OrVaZa%252FW69EVBV72UQbuY6%252B8CpXt6KBPrVCXuONBAyAYomvUuMs9hSawATGI%252BUui64KsVBMICYOVgYqp%252BQHW2w%252FWDQ4R6LZ670g%252F%252BmHH9mbLO18LBDQinevBMJri%252B39Til0EjsYLobkmrL4kJhCAeir6M%252BJ5CYBRGjgerW6B7vC4809V4LlHcrbbwIJ46IW3L10dTx68ZDA1wqugr86jTqK8YBhqEJ87DHxsD6JAfa7QZQj8R%252B4jCa50Ml2FLekM7EUgYrrYKQeiSeh5VUxzRakBDy7nWs%252BNH9hDT5h%252BvgADPfichL17VZ2N6miLS1mtJCGmEr8oYu2hkOx2L3WS06WDXnbVvsDhIN3H%252BQrIgQ%253D%253D%7Ccksum%3A231870563239c115d0b5f5e0428b8e4c6a6ffed5bd7e%7Campid%3APL_CLK%7Cclp%3A2334524
VALEO Volant moteur 836210 - Pièces Auto Mister Auto,"1 081,00",EUR/pièce,"4 ou plus pour 1 026,95 EUR/pièce ",,https://www.ebay.fr/itm/VALEO-Volant-moteur-836210-Pieces-Auto-Mister-Auto/401698932898?_trkparms=ispr%3D1&hash=item5d871f48a2:g:vtMAAOSw7sJdnZ5J&amdata=enc%3AAQAFAAACcBaobrjLl8XobRIiIML1V4Imu%252Fn%252BzU5L90Z278x5ickkTboA95HSvGa1O5UmCCGJLuXxrFCwTLQLijQn0%252FFIHALQYQFayTaP4%252Fz%252BLOZQGkRtcI5u1X3t0lcIG%252Flp3jvjj5pumhle%252FMV0BuGSqTFh6Rmi7cmckhCAtXe1i9VsR4qfjGICuqLcP3E0XJJOu4moxYTH%252FPFhDivBtLBmWIZy9wOw5eyVTn0y3i1g1G7SQMuHpec%252FAjzMctPZ%252BNMY3RuSc5jzF1JQy6Bl5bs1Z5RyaM7lChGkSFp0F5zLqZ6zkEs4hfbkoA4cPZ3kMYDzenXpwpT1ObsBO7O6vK7jk0RCbk6VNzE2rIwpUZ5YYEiofmOTiC1T9qZuruGiXpkQI8dsvCv3F2RFI%252Bmub1g52MtxZDx7B9%252BBZR7%252FnXrLfLteee9gwVcHknyDfrNTsUzssW1hqAtJADDL%252FGqiE%252FVDLtoomT%252F%252B%252F7%252FrFDoxz9RRYRpSMR53zSCKTA9F2gOq9TvnvktmM%252BQVyXotfHlL1VbHWAvq2DX9ulW%252BuvKRQ1hITOGJHTlH6wvdNJsKmn7udFhXkSxsvi3k%252FQ8W4QqVfGk08mYMGdcc%252FQW4HYsEFsQakwG3FwEG6AB5pOW6St3iJLMSX5NLagxKocFsbHmjyxchmqcPK2yzFPA5g5dGDGeO8gyEpjdahLPmhskMqyI38LekofaPwAbMxi5By9RN0JW3eS65AfFhf1%252FVhBS1cQfDZo4NTW3W42ENZ3ecxLocslQ7D%252BId7NulrDOFprmuUHgt64Plr3zWWrGcLromBEj9sksoQxByticMBLzUBaKajczMzC8sJw%253D%253D%7Ccksum%3A401698932898c115d0b5f5e0428b8e4c6a6ffed5bd7e%7Campid%3APL_CLK%7Cclp%3A2334524
NPS Récepteur d'embrayage T260A60 - Pièces Auto Mister Auto,"93,00",EUR/pièce,"4 ou plus pour 88,35 EUR/pièce ",,https://www.ebay.fr/itm/NPS-Recepteur-dembrayage-T260A60-Pieces-Auto-Mister-Auto/222432215185?hash=item33c9fe4091:g:u7wAAOSwq3FehfwB
CONTITECH Kit de distribution CT1168K1 - Pièces Auto Mister Auto,"108,00",EUR/pièce,"4 ou plus pour 102,60 EUR/pièce ",,https://www.ebay.fr/itm/CONTITECH-Kit-de-distribution-CT1168K1-Pieces-Auto-Mister-Auto/401628914855?hash=item5d82f2e4a7:g:WEsAAOSwP8ldkrUE
pieces auto,"80,00",EUR,"

								10 disponible(s)
",,https://www.ebay.fr/itm/pieces-auto/401749475970?hash=item5d8a228282:g:YEYAAOSwxDxcszIx
BOSCH Pompe à carburant Electrique 0 986 580 829 - Pièces Auto Mister Auto,"128,00",EUR/pièce,"4 ou plus pour 121,60 EUR/pièce ",,https://www.ebay.fr/itm/BOSCH-Pompe-a-carburant-Electrique-0-986-580-829-Pieces-Auto-Mister-Auto/233031084908?hash=item3641bc2b6c:g:SdMAAOSwgNZeRKXU
PIECES AUTO MERCEDES S500,"80,00",EUR,,,https://www.ebay.fr/itm/PIECES-AUTO-MERCEDES-S500/133018525528?hash=item1ef8859f58:g:v-0AAOSwzXxaMVxX
VALEO Récepteur d'embrayage 804750 - Pièces Auto Mister Auto,"84,00",EUR/pièce,"4 ou plus pour 79,80 EUR/pièce ",,https://www.ebay.fr/itm/VALEO-Recepteur-dembrayage-804750-Pieces-Auto-Mister-Auto/401084930408?hash=item5d62865968:g:xCEAAOSwjYFe615B
CORTECO Joint de culasse pour BMW Série 3 411477P - Pièces Auto Mister Auto,"58,00",EUR/pièce,"4 ou plus pour 55,10 EUR/pièce ",,https://www.ebay.fr/itm/CORTECO-Joint-de-culasse-pour-BMW-Serie-3-411477P-Pieces-Auto-Mister-Auto/223218398613?hash=item33f8da7595:g:n6wAAOSw5r9dnHTE
GATES Courroie d'alternateur-accessoires 7M630 - Pièces Auto Mister Auto,"44,00",EUR/pièce,"4 ou plus pour 41,80 EUR/pièce ",,https://www.ebay.fr/itm/GATES-Courroie-dalternateur-accessoires-7M630-Pieces-Auto-Mister-Auto/401656338238?hash=item5d8495573e:g:vzMAAOSw5KVe69T6
GATES Kit de distribution pour MAZDA 6 MPV K015596XS - Pièces Auto Mister Auto,"117,00",EUR/pièce,"

							3 disponible(s)
",,https://www.ebay.fr/itm/GATES-Kit-de-distribution-pour-MAZDA-6-MPV-K015596XS-Pieces-Auto-Mister-Auto/223215125029?hash=item33f8a88225:g:SA4AAOSwyDFdkr87
LOT REVENDEUR PIECES AUTO // 17 X PLAQUETTES DE FREIN VEHICULE  80/90,"80,00",EUR,,,https://www.ebay.fr/itm/LOT-REVENDEUR-PIECES-AUTO-17-X-PLAQUETTES-DE-FREIN-VEHICULE-80-90/133591560209?hash=item1f1aad7011:g:J48AAOSw5T5fw5tM
pieces auto,"112,00",EUR,,,https://www.ebay.fr/itm/pieces-auto/123795710251?hash=item1cd2cca12b:g:TsIAAOSw~hNc-z2f
TRW Récepteur d'embrayage pour NISSAN 350 PJD789 - Pièces Auto Mister Auto,"56,00",EUR/pièce,"4 ou plus pour 53,20 EUR/pièce ",,https://www.ebay.fr/itm/TRW-Recepteur-dembrayage-pour-NISSAN-350-PJD789-Pieces-Auto-Mister-Auto/401089169629?hash=item5d62c708dd:g:IpMAAOSwnhNdkley
BOLK Butée d'embrayage pour SAAB 9-3 9-5 BOL-D012068 - Pièces Auto Mister Auto,"77,00",EUR/pièce,"4 ou plus pour 73,15 EUR/pièce ",,https://www.ebay.fr/itm/BOLK-Butee-dembrayage-pour-SAAB-9-3-9-5-BOL-D012068-Pieces-Auto-Mister-Auto/401588414765?hash=item5d8088e92d:g:zm4AAOSwf35e6ye~
auto pieces detachee,,,,,https://www.ebay.fr/itm/auto-pieces-detachees/114590723147?hash=item1aae23ac4b:g:U1UAAOSwAjVf0MIL
VALEO Pompe à carburant Electrique 5bar 347110 - Pièces Auto Mister Auto,"189,00",EUR/pièce,"4 ou plus pour 179,55 EUR/pièce ",,https://www.ebay.fr/itm/VALEO-Pompe-a-carburant-Electrique-5bar-347110-Pieces-Auto-Mister-Auto/401628323720?hash=item5d82e9df88:g:dQEAAOSwx6pdk7RU
CORTECO Joint de culasse pour CHRYSLER VOYAGER 414774P - Pièces Auto Mister Auto,"66,00",EUR/pièce,"4 ou plus pour 62,70 EUR/pièce ",,https://www.ebay.fr/itm/CORTECO-Joint-de-culasse-pour-CHRYSLER-VOYAGER-414774P-Pieces-Auto-Mister-Auto/401629639094?hash=item5d82fdf1b6:g:m-0AAOSwgqpdnWaG
FEBI BILSTEIN Support moteur Droite 19979 - Pièces Auto Mister Auto,"51,00",EUR/pièce,"4 ou plus pour 48,45 EUR/pièce ",,https://www.ebay.fr/itm/FEBI-BILSTEIN-Support-moteur-Droite-19979-Pieces-Auto-Mister-Auto/232990796558?hash=item363f556b0e:g:RW8AAOSw~X1diblw
CORTECO Support moteur 80004624 - Pièces Auto Mister Auto,"76,00",EUR/pièce,"4 ou plus pour 72,20 EUR/pièce ",,https://www.ebay.fr/itm/CORTECO-Support-moteur-80004624-Pieces-Auto-Mister-Auto/401629578571?hash=item5d82fd054b:g:Rp0AAOSw6CJdkZmV
PAYEN Joint de culasse AH440 - Pièces Auto Mister Auto,"39,00",EUR/pièce,"4 ou plus pour 37,05 EUR/pièce ",,https://www.ebay.fr/itm/PAYEN-Joint-de-culasse-AH440-Pieces-Auto-Mister-Auto/232994396807?hash=item363f8c5a87:g:h1QAAOSwn4tdnCOD
pièces auto pour Scénic Model 1 Phase 2,"70,00",EUR,,,https://www.ebay.fr/itm/pieces-auto-pour-Scenic-Model-1-Phase-2/163993064405?hash=item262ebf93d5:g:R3kAAOSw3fFd-LlG
NPS Volant moteur pour NISSAN PRIMERA N205N11 - Pièces Auto Mister Auto,"614,00",EUR/pièce,"

							3 disponible(s)
",,https://www.ebay.fr/itm/NPS-Volant-moteur-pour-NISSAN-PRIMERA-N205N11-Pieces-Auto-Mister-Auto/222432195819?_trkparms=ispr%3D1&hash=item33c9fdf4eb:g:G-YAAOSw0t5e7A2Y&amdata=enc%3AAQAFAAACcBaobrjLl8XobRIiIML1V4Imu%252Fn%252BzU5L90Z278x5ickkgCVySCgrNFPU8Iu85TabME56cbjMCxlmQErHxUGZItZIkLWCjZcUdwfH2PgMcQujxdFhof%252FW%252Fda75n0R1Rh7nMzvD59iechtAMChxQY4jDnjhw0obnHcad7fmF9bTHapciOmVLZUBWixzm0UQ16AZ9jmtJyV60wba3ABnIsCk5ET8b18vrgdIwaxXeXn5cG5Kv0Te8IcgMSjFYDDa9F%252F62PqC9iAIA12%252B%252F%252FwdF7hjvreC4t1wCpUD0trfcrpRt6D1gTcBSj03RXeRWFk6cQPX1G0Qb0kPYEP%252F12O2D9iGZiGfQFtk38J60cXktP9N99RIl9Vum5cXfUpGtK3sqgCu0NNjVHxv2F44tfKyhJaNvFJD1x1g%252F0aeeQjaHH6KA2wgd4raLY5p2lPVLE5rMeQCSGR09Frl8AaDGP70fUQukzWjKiKjAd0C%252BC4QMqJpKvHrcSV%252BmvIePHZON5eXYLmxq8%252BiFpEmcUdTZP18B1Kno7OkCnYLCsecAabmBTqv0sYlZVAxZuDPdJGkc2iAutl4xP8nibTL72CoxCwYdRDMEFnV%252BUZLXe9z09ukheO%252F17SVpXhRhh5eDN2%252FlG76wB8myichQ%252FwodVSjNT5ezx5IP5PR0bcOifaousUae0g1y5Y6Yn4zaOnGDLXfava7yIeYHa2rFoFzT9FcdZ842ETp8zER9iZH5LFqJqStX63JDnGP%252Fd1b6ybdpmJme1m6rip7QvCJXU4gl1auipsnTJDIKeGOArQfhCwOpOq11wXCju%252BeRal0eGtmpib3ZZICoJE7Q%253D%253D%7Ccksum%3A222432195819c115d0b5f5e0428b8e4c6a6ffed5bd7e%7Campid%3APL_CLK%7Cclp%3A2334524
LuK Volant moteur pour NISSAN PATROL 415 0733 10 - Pièces Auto Mister Auto,"650,00",EUR/pièce,"

							3 disponible(s)
",,https://www.ebay.fr/itm/LuK-Volant-moteur-pour-NISSAN-PATROL-415-0733-10-Pieces-Auto-Mister-Auto/233045284829?_trkparms=ispr%3D1&hash=item364294d7dd:g:TIwAAOSwiMBdk7~k&amdata=enc%3AAQAFAAACcBaobrjLl8XobRIiIML1V4Imu%252Fn%252BzU5L90Z278x5ickkai8xCwosGKpC0NWj85e%252FB2gmR1kD6D%252BGuN33pAr3ynRBGhXEvRaeaTuR7E%252BhQ0BB32Yp4MnWkissVZxOSLdYNfV01%252FDeFXYQpN4cBqlSfjRZ52TC0CmGWzOXAl44PfAAhfgdLf%252F8JFuvqwRQWF41Pxpxfh5RSB3oYg1C5WMDaj7o1%252Fh24bYDGQvpGbGINfdnKnlgnUvXlqmxZuP0htnviXffCLmlG45vUuZRvAnhRNltzkxVL8Ct%252FWUrXb1GGWdGlzZkPHIgzkVe6%252FB6no0ze9%252BnriROs3vG0CVpYiFSMaqQZGzHdULg5n0vQL3RQhmaqqZjaGQd7n%252FwWFNbJKI008QVGqG1f181hj0AnKWoPrNEup7UwPT1fhjTF25X1wXzs91JOc1En0XnPxsGh0g7bXdTeZIgcVLDCgGQmSzkf6uSjLui%252FCBsFff2tcHeU5xu7tFct4LT%252FwaeD2B6WS3T784zXaKBTt62kl9KAFnwjNUSJh2Wp6z%252BtszpxWKu9HqVNJ1pbVvqNGAR6sHN0gPzW8tP0Npq6DDRHVP4vVxOGqsiNpnibc7tzVmW68dfXOdDxoE5%252B6qp7roNT6kXediNVk9KoD5g0BaZiT4EZ%252BO6fILHdPd8MEicyjhLe%252FSYfGpkmPXU67vLdBjsGPWR2KMsiMrrD6TKIjzrr0bAX7bYWSyTAhqqdRQlnFs2cW%252BiwZ7QMRZk15rPCtkaZ9RxriV4%252FUoHGwD2E1Ny1t%252FGWzMegNuALuE9d4FeAeKhzxemLs28TLJRYaF1CO%252B%252FlvIghZZwSQ%253D%253D%7Ccksum%3A233045284829c115d0b5f5e0428b8e4c6a6ffed5bd7e%7Campid%3APL_CLK%7Cclp%3A2334524
CORTECO Support moteur 80000250 - Pièces Auto Mister Auto,"75,00",EUR/pièce,"4 ou plus pour 71,25 EUR/pièce ",,https://www.ebay.fr/itm/CORTECO-Support-moteur-80000250-Pieces-Auto-Mister-Auto/232991541948?hash=item363f60cabc:g:PPoAAOSw8o9dkrUF
METALCAUCHO Support moteur Droite 05178 - Pièces Auto Mister Auto,"70,00",EUR/pièce,"

							3 disponible(s)
",,https://www.ebay.fr/itm/METALCAUCHO-Support-moteur-Droite-05178-Pieces-Auto-Mister-Auto/232992324272?hash=item363f6cbab0:g:N~kAAOSwlRZe08Sz
AISIN Volant moteur pour CHEVROLET ORLANDO FDO-003 - Pièces Auto Mister Auto,"371,00",EUR/pièce,"4 ou plus pour 352,45 EUR/pièce ",,https://www.ebay.fr/itm/AISIN-Volant-moteur-pour-CHEVROLET-ORLANDO-FDO-003-Pieces-Auto-Mister-Auto/232217272268?hash=item36113a5fcc:g:ibUAAOSwGYZdkb7e
METALCAUCHO Support moteur Droite 04461 - Pièces Auto Mister Auto,"83,00",EUR/pièce,"4 ou plus pour 78,85 EUR/pièce ",,https://www.ebay.fr/itm/METALCAUCHO-Support-moteur-Droite-04461-Pieces-Auto-Mister-Auto/223215421527?hash=item33f8ad0857:g:IFUAAOSwpNRe7BUq
SACHS Volant moteur pour OPEL INSIGNIA 2294 001 002 - Pièces Auto Mister Auto,"594,00",EUR/pièce,"4 ou plus pour 564,30 EUR/pièce ",,https://www.ebay.fr/itm/SACHS-Volant-moteur-pour-OPEL-INSIGNIA-2294-001-002-Pieces-Auto-Mister-Auto/222054830432?hash=item33b37fd160:g:-8gAAOSwxbhe4w2q
PIECES AUTO OCCASION POUR PEUGEOT BMW AUDI VOLKSWAGEN RENAULT CITROEN SEAT....,"100,00",EUR,,,https://www.ebay.fr/itm/PIECES-AUTO-OCCASION-POUR-PEUGEOT-BMW-AUDI-VOLKSWAGEN-RENAULT-CITROEN-SEAT/132814845871?hash=item1eec61b7af:g:Zr0AAOSwl95bvexI
NPS Récepteur d'embrayage M260A27 - Pièces Auto Mister Auto,"89,00",EUR/pièce,"

							3 disponible(s)
",,https://www.ebay.fr/itm/NPS-Recepteur-dembrayage-M260A27-Pieces-Auto-Mister-Auto/232263117836?hash=item3613f5ec0c:g:FGYAAOSwCMxe7C-4
LuK Volant moteur pour AUDI A4 415 0553 08 - Pièces Auto Mister Auto,"238,00",EUR/pièce,"4 ou plus pour 226,10 EUR/pièce ",,https://www.ebay.fr/itm/LuK-Volant-moteur-pour-AUDI-A4-415-0553-08-Pieces-Auto-Mister-Auto/222046919108?hash=item33b30719c4:g:nDUAAOSwgJNe60AS
CORTECO Poulie damper 49374729 - Pièces Auto Mister Auto,"101,00",EUR/pièce,"

							3 disponible(s)
",,https://www.ebay.fr/itm/CORTECO-Poulie-damper-49374729-Pieces-Auto-Mister-Auto/401660425054?hash=item5d84d3b35e:g:3NIAAOSwhY1dkuv9
VALEO Volant moteur 836173 - Pièces Auto Mister Auto,"487,00",EUR/pièce,"4 ou plus pour 462,65 EUR/pièce ",,https://www.ebay.fr/itm/VALEO-Volant-moteur-836173-Pieces-Auto-Mister-Auto/232194962576?hash=item360fe5f490:g:7qAAAOSwuEhdm4Y7
CORTECO Support moteur 80004417 - Pièces Auto Mister Auto,"134,00",EUR/pièce,"4 ou plus pour 127,30 EUR/pièce ",,https://www.ebay.fr/itm/CORTECO-Support-moteur-80004417-Pieces-Auto-Mister-Auto/223216224719?hash=item33f8b949cf:g:YE0AAOSwV11dlQZE
VALEO Butée d'embrayage 810017 - Pièces Auto Mister Auto,"142,00",EUR/pièce,"4 ou plus pour 134,90 EUR/pièce ",,https://www.ebay.fr/itm/VALEO-Butee-dembrayage-810017-Pieces-Auto-Mister-Auto/223045038391?hash=item33ee853137:g:WLQAAOSwUK9e6mJk
NPS Récepteur d'embrayage pour MAZDA E-SERIE K260A04 - Pièces Auto Mister Auto,"37,00",EUR/pièce,"4 ou plus pour 35,15 EUR/pièce ",,https://www.ebay.fr/itm/NPS-Recepteur-dembrayage-pour-MAZDA-E-SERIE-K260A04-Pieces-Auto-Mister-Auto/222432196146?hash=item33c9fdf632:g:ZcUAAOSwgZpdnTYo
SASIC Support moteur Droite 2706080 - Pièces Auto Mister Auto,"85,00",EUR/pièce,"4 ou plus pour 80,75 EUR/pièce ",,https://www.ebay.fr/itm/SASIC-Support-moteur-Droite-2706080-Pieces-Auto-Mister-Auto/223218299412?hash=item33f8d8f214:g:B2IAAOSwjhJdlDTB
LOT REVENDEUR PIECES AUTO // 32 X Disque embrayage EXEDY vehicule japonais 80/90,"150,00",EUR,,,https://www.ebay.fr/itm/LOT-REVENDEUR-PIECES-AUTO-32-X-Disque-embrayage-EXEDY-vehicule-japonais-80-90/133590938606?hash=item1f1aa3f3ee:g:NAIAAOSwsFdfwlfa
VALEO Kit d'embrayage 845015 - Pièces Auto Mister Auto,"394,00",EUR/pièce,"4 ou plus pour 374,30 EUR/pièce ",,https://www.ebay.fr/itm/VALEO-Kit-dembrayage-845015-Pieces-Auto-Mister-Auto/233041130099?hash=item3642557273:g:P9kAAOSwHQRdiNx9
FEBI BILSTEIN Poulie damper pour VOLVO S60 33640 - Pièces Auto Mister Auto,"82,00",EUR/pièce,"4 ou plus pour 77,90 EUR/pièce ",,https://www.ebay.fr/itm/FEBI-BILSTEIN-Poulie-damper-pour-VOLVO-S60-33640-Pieces-Auto-Mister-Auto/232993529065?hash=item363f7f1ce9:g:fNUAAOSwoMFdkkST
TRW Émetteur d'embrayage pour ALFA ROMEO 147 GT PNB556 - Pièces Auto Mister Auto,"36,00",EUR/pièce,"

							3 disponible(s)
",,https://www.ebay.fr/itm/TRW-Emetteur-dembrayage-pour-ALFA-ROMEO-147-GT-PNB556-Pieces-Auto-Mister-Auto/233053371430?hash=item3643103c26:g:ljsAAOSwDkFdkVQN
VALEO Émetteur d'embrayage 804916 - Pièces Auto Mister Auto,"93,00",EUR/pièce,"4 ou plus pour 88,35 EUR/pièce ",,https://www.ebay.fr/itm/VALEO-Emetteur-dembrayage-804916-Pieces-Auto-Mister-Auto/232857484014?hash=item3637633aee:g:xawAAOSwD6Fe7Eq-
VALEO Émetteur d'embrayage 804930 - Pièces Auto Mister Auto,"126,00",EUR/pièce,"4 ou plus pour 119,70 EUR/pièce ",,https://www.ebay.fr/itm/VALEO-Emetteur-dembrayage-804930-Pieces-Auto-Mister-Auto/223044831795?hash=item33ee820a33:g:R2oAAOSw6Gte7F2C
CORTECO Poulie damper 80004386 - Pièces Auto Mister Auto,"86,00",EUR/pièce,"4 ou plus pour 81,70 EUR/pièce ",,https://www.ebay.fr/itm/CORTECO-Poulie-damper-80004386-Pieces-Auto-Mister-Auto/223539384424?hash=item340bfc5068:g:UVwAAOSwNlldkgK9
LuK Kit d'embrayage + Volant moteur 600 0007 00 - Pièces Auto Mister Auto,"887,00",EUR/pièce,"

							3 disponible(s)
",,https://www.ebay.fr/itm/LuK-Kit-dembrayage-Volant-moteur-600-0007-00-Pieces-Auto-Mister-Auto/223249896165?_trkparms=ispr%3D1&hash=item33fabb12e5:g:8gsAAOSwzjddkn4u&amdata=enc%3AAQAFAAACcBaobrjLl8XobRIiIML1V4Imu%252Fn%252BzU5L90Z278x5ickkgCVySCgrNFPU8Iu85TabMLPl76SZHfEb%252FEFD27pMpKso7%252BXNktSvnYw2fkH5CnAygVT4tUvlHCmX1JunmcpRuUqeAg3Shv6rm6F4EJzDOLdktuCwJvBAvojtX56%252B0K5x6FoQ5RPQdfpT%252FRInnPEq9VPmYk%252BbLkBe1PgOch5a5YypbuNYMNeBBBi82o78%252F%252ByULU1Hb8hGmpagIC5Qp5MFf9QbPs2FL8uhm4Re5n1KURvQUVVAXcx6jZqYIeAY4gC%252FH4%252FIb0JI%252BZaNcpsvF7KiwBeFi27IO0V7uzQ3LSjDZ9FNRJdOVI%252Bpfg0UW3TUe%252F01Pe%252BXPWdh8PmMOCuqMZFZ4%252BySE3RC%252FeN6meIf7G9zWMK3Z7zVoaZ10bOcr9U7gEFwTStydaeH74jttF5nzLuwues%252FnXSwZBKkz9AtY%252Fyq%252FRkIgk%252BT37ijWL%252F0NHV2%252F%252FW3Wjo1ypXadrKwUws4W1NSR4YDVJBtC5K0yJJ%252FR9mRd3bbaMsgnUn1ge5WjXz69Ag9hPcjzWI%252BHkJ0CG6HfYQOQQbig3iOI3Y2YRaHEvcV10Sk%252B4kToD1pHTzTmTejUN3jBoAScHuv08KqnJpXAHH4AOPfFcLYJVolbEq5DmJNaBoTyFK%252F4buYwbItOUeH5BlewfC8ajPuQvu4%252FIVFopyL8JUXkBeJSn4jFdRXezeH5oSlAbkAzNYMy%252BbrkK5EG0zgmQN1bDepQ5FiGBKutSP5fAhQXcAwuK8I83f9LlaPlgK65Vj71RqokO3M5VV%252FQ1ga9QySSVgHeMaSiihGCE85oQ%253D%253D%7Ccksum%3A223249896165c115d0b5f5e0428b8e4c6a6ffed5bd7e%7Campid%3APL_CLK%7Cclp%3A2334524
LuK Volant moteur pour OPEL FRONTERA 415 0079 10 - Pièces Auto Mister Auto,"446,00",EUR/pièce,"

							3 disponible(s)
",,https://www.ebay.fr/itm/LuK-Volant-moteur-pour-OPEL-FRONTERA-415-0079-10-Pieces-Auto-Mister-Auto/222762613993?_trkparms=ispr%3D1&hash=item33ddafbce9:g:knIAAOSw8OBe6nQ2&amdata=enc%3AAQAFAAACcBaobrjLl8XobRIiIML1V4Imu%252Fn%252BzU5L90Z278x5ickkgCVySCgrNFPU8Iu85TabMAa5Orm7i8PCBN%252B2Tu3Ih%252BZteZ8oEvGrDc0Y3B9B910vvLRD4guxynVVAIbMoVEm%252FuYmLzkaCvv0cB6EKl5n%252B9%252Bj4uXuHuQjGHLOF3VM%252BKP2Dcu1T%252BHZrvZlgBg2QbQjFtcK4BNghq7s6jfPvDXZgjLtV1Q4oDXqEOl3UY37IvkUu944tkuI9qov71pxqTI1nKJ8YRMrIVB%252FG5e2t5L6rFsNC9ubhLzcN4gEvW9rPjSIcNbDUNADb7KpbHkioSFrLIN%252FCCapEIZ4IdIhJHNq5v7H3jYV0z5SSUbJDtOaoUPEP4%252F8Edmmk35etDGvcbUQCYEkELuKZO0DnkoYIzy%252BuhQ3k47QAcMNlRDKdIeWl08n6Ku1BYHi8pBza81KeOrUjKT2W0jnavLanJbSasKigYF2nDc%252BtOGbLvae7FWNOx1ik8Dw5yarVFY64TRlv8je9GVljpRvZSnqHtbPr2j5SddvstI%252BtTaI82cl%252Fp5MN9JMLMNU52sNn5DbyxRRHUuzJ91ARB2k6MMO3vLCm1BcQfSi7%252Fg6z92u0zkV1mwAYjPPgVBy2a4YJG4MdDD%252FcVtzVRFrk%252F2j0wVnoJikgl4SWyaTlHD%252Fx7JMGl3ua7cCLGgnrkT2Sqa370aU%252FS55RZfg1zSLPN5dh7mFRvsrnV3JIq90oivz%252FbNLO95LAt4sHkP17CORuIzw%252Fjjbt8OaXfAHEWd8%252BloJPnXeXV5lD%252FtOVstM63ZCFahrUot754GQu6mWn0BzB8w5cimqJ7jrmXYx%252Bg%253D%253D%7Ccksum%3A222762613993c115d0b5f5e0428b8e4c6a6ffed5bd7e%7Campid%3APL_CLK%7Cclp%3A2334524
